idx,class,conversation
0,일반 대화,"오늘 날씨 정말 좋네요.\n그러게요. 어제는 흐리더니 오늘은 맑아서 기분이 좋아요.\n이런 날씨엔 어디 소풍이라도 가야 하는데 말이죠.\n맞아요. 주말에도 날씨가 이랬으면 좋겠어요.\n기상 예보 확인해 보셨어요?\n아니요, 아직이요. 지금 한번 볼까요?"
1,일반 대화,"점심 뭐 먹을까요?\n글쎄요... 어제는 중식 먹었으니까 오늘은 한식 어때요?\n좋아요. 김치찌개나 된장찌개 먹고 싶네요.\n그럼 근처에 새로 생긴 백반집 가볼까요? 평이 좋던데요.\n오, 거기요? 좋아요! 거기 가요.\n가서 메뉴 보고 정하죠."
2,일반 대화,"주말에 뭐 하셨어요?\n오랜만에 영화 보고 왔어요. 새로 개봉한 영화요.\n아, 그거 재밌다고 하던데. 어떠셨어요?\n기대했던 것보다 훨씬 재밌었어요! 추천해요.\n그래요? 저도 이번 주에 보러 가야겠네요.\n네, 꼭 보세요. 후회 안 하실 거예요."
3,일반 대화,"요즘 새로 시작한 취미 있으세요?\n네, 얼마 전부터 베이킹 배우기 시작했어요.\n와, 베이킹이요? 재밌겠네요. 어렵진 않으세요?\n생각보다 재밌어요. 어제는 쿠키를 구웠는데 다들 맛있다고 하더라고요.\n대단하시네요! 저도 한번 배워보고 싶었는데.\n같이 하실래요? 다음 주에 원데이 클래스 가는데."
4,일반 대화,"출근길에 차가 너무 막히지 않았어요?\n맞아요. 평소보다 30분은 더 걸린 것 같아요.\n무슨 사고라도 났나 봐요. 라디오에서도 계속 교통 정체 얘기가 나오더라고요.\n아, 그래서 그랬구나. 아침부터 진이 다 빠졌어요.\n그러게요. 퇴근할 때는 제발 안 막혔으면 좋겠네요.\n커피라도 한 잔 하면서 힘내시죠."
5,일반 대화,"오늘 저녁 메뉴는 뭐예요?\n글쎄요, 아직 못 정했어요. 뭐 먹고 싶은 거 있어요?\n저는 떡볶이가 먹고 싶은데.\n오, 떡볶이 좋아요! 그럼 집에 가는 길에 재료 사 갈까요?\n네! 제가 튀김이랑 순대도 같이 사 갈게요.\n좋죠. 얼른 퇴근하고 싶네요."
6,일반 대화,"요즘 건강 관리는 어떻게 하세요?\n별거 없어요. 그냥 일주일에 세 번 정도 헬스장 가요.\n와, 꾸준히 하시는 게 대단하네요. 전 등록만 하고 잘 안 가게 되던데.\n저도 처음엔 그랬어요. 습관 들이기가 어렵더라고요.\n무슨 운동 주로 하세요?\n근력 운동 위주로 하고 있어요. 같이 하실래요?"
7,일반 대화,"이번 여름휴가 계획은 세우셨어요?\n아니요, 아직 아무 계획도 못 세웠어요.\n저는 친구들이랑 제주도 가기로 했어요.\n와, 좋겠다! 제주도 간 지 오래됐는데.\n요즘 항공권이 싸게 나왔더라고요. 한번 알아보세요.\n그래야겠네요. 좋은 정보 고마워요."
8.일반 대화,"어제 새로 나온 드라마 봤어?\n아니? 뭐 새로 나왔는데?\n김수현 나오는 거. '눈물의 여왕'이라고. 진짜 재밌더라.\n아, 그거! 예고편만 봤는데 재밌어 보이긴 하더라.\n오늘 집에 가서 바로 봐야겠다. 너도 얼른 봐!\n알았어. 오늘 보고 내일 얘기하자."
9,일반 대화,"강아지 산책시키러 나오셨나 봐요.\n네. 날씨가 좋아서 잠깐 나왔어요.\n강아지가 너무 귀엽네요. 종이 뭐예요?\n비숑이에요. 이제 1년 됐어요.\n아, 정말요? 엄청 활발하네요. 저희 집 강아지는 늙어서 잠만 자는데.\n하하. 지금이 한창 뛰어놀 때라 감당이 안 되네요."
10,일반 대화,"이 근처에 맛있는 빵집 아세요?\n저기 사거리에 있는 '파란 지붕' 가보셨어요?\n아니요, 거긴 안 가봤어요. 맛있어요?\n네, 거기 소금빵이 진짜 맛있어요. 매일 일찍 품절돼요.\n그래요? 그럼 지금 빨리 가봐야겠네요!\n네. 한번 드셔보세요. 후회 안 하실 거예요."
11,일반 대화,"오늘 회의 자료 준비 다 됐어?\n응. 어젯밤에 마무리해서 팀장님께 메일로 보냈어.\n와, 빠르다. 나는 아직 절반도 못했는데.\n어려운 거 있어? 내가 좀 도와줄까?\n아니야, 괜찮아. 조금만 더 하면 끝날 것 같아.\n그래? 그럼 다 하고 커피 한잔하러 가자."
12,일반 대화,"새로 산 신발 예쁘네요.\n감사합니다. 어제 쇼핑하다가 세일하길래 샀어요.\n색깔이 잘 어울리세요. 편해 보이고요.\n네, 발도 편하고 디자인도 마음에 들어요.\n어디서 사셨는지 물어봐도 돼요?\n그럼요. 이따가 점심시간에 링크 보내드릴게요."
13,일반 대화,"오늘 저녁에 치킨 어때?\n치킨 좋지! 무슨 치킨 먹을까?\n나는 후라이드, 너는 양념 좋아하잖아. 반반 시키자.\n그래. 그럼 내가 주문할게. 콜라도?\n당연하지! 큰 걸로 시켜줘.\n알았어. 6시쯤 배달 오게 할게."
14,일반 대화,"요즘 잠을 잘 못 자는 것 같아.\n왜? 무슨 일 있어?\n그건 아닌데... 그냥 자꾸 중간에 깨. 불면증인가 봐.\n혹시 자기 전에 커피 마시거나 핸드폰 오래 해?\n아, 생각해보니 자기 직전까지 핸드폰 보긴 하네.\n그것 때문일 수도 있어. 자기 전 1시간은 핸드폰 보지 마 봐."
15,일반 대화,"이번 주말에 우리 집에서 넷플릭스 정주행 할래?\n좋지! 뭐 볼 건데?\n'기묘한 이야기' 마지막 시즌 나왔잖아. 그거 보자.\n와, 드디어! 나 그거 엄청 기다렸는데.\n그치? 내가 맛있는 거 많이 준비해 놓을게.\n좋아. 내가 가는 길에 팝콘이랑 콜라 사 갈게!"
16,일반 대화,"엘리베이터가 고장 났나 봐요.\n네? 아, 진짜요? 그럼 계단으로 가야 해요?\n그런 것 같아요. 여기 10층인데... 어떡하죠.\n아... 아침부터 등산하게 생겼네요.\n그러게요. 천천히 올라가시죠.\n네... 먼저 올라가세요."
17,일반 대화,"이 노래 제목 아세요? 지금 카페에서 나오는 거.\n어디... 아, 이 노래 알아요! 찰리 푸스 노래 아니에요?\n맞나? 가사는 잘 모르겠는데 멜로디가 너무 좋네요.\n한번 검색해 볼까요? 멜로디로 검색하는 기능 있잖아요.\n오, 좋은 생각이에요. 한번 해보세요.\n찾았어요! 'Attention' 맞네요."
18,일반 대화,"어제 축구 경기 봤어?\n당연하지! 진짜 역대급 경기였어.\n손흥민 마지막 골 넣었을 때 소름 돋았잖아.\n맞아. 보면서 나도 모르게 소리 질렀어.\n새벽까지 본 보람이 있다니까.\n그러게 말이야. 오늘 좀 피곤해도 기분은 최고다!"
19,일반 대화,"이사 준비는 잘 돼가?\n아직 멀었어. 짐 싸는 게 보통 일이 아니네.\n버릴 건 과감하게 버려야 하는데, 그게 잘 안돼.\n나도 알아. 나도 이사할 때마다 짐이 늘어나더라.\n도와줄 거 있으면 언제든 말해.\n정말? 그럼 이사하는 날 와서 좀 도와줄 수 있어?"
20,일반 대화,"오늘 미세먼지가 너무 심하네요.\n그러게요. 아침에 나오는데 앞이 뿌옇더라고요.\n목도 칼칼하고 눈도 따가운 것 같아요.\n마스크 꼭 쓰고 다니셔야겠어요. 전 KF94로 썼어요.\n저도 사무실에 오자마자 공기청정기부터 켰어요.\n이따 점심엔 그냥 구내식당에서 먹어야겠네요."
21,일반 대화,"팀장님, 혹시 지금 시간 괜찮으세요?\n네, 괜찮아요. 무슨 일이에요, 김 대리?\n다름이 아니라, 이번 프로젝트 관련해서 드릴 말씀이 있어서요.\n아, 그래요? 앉아서 얘기해요. 어떤 건데요?\n제가 생각한 아이디어가 있는데, 혹시 검토해 주실 수 있으실까요?\n그럼요. 자료 있으면 이리 줘봐요."
22,일반 대화,"요즘 '환승연애' 너무 재밌지 않아?\n나도 그거 봐! 진짜 과몰입하게 되더라.\n어제 나온 거 봤어? X가 다시 잡던데.\n헐, 진짜? 나 아직 못 봤는데! 스포하지 마!\n아, 미안 미안. 얼른 봐. 진짜 장난 아니야.\n알았어. 오늘 집에 가서 꼭 봐야겠다."
23,일반 대화,"저기요, 혹시 이 근처에 지하철역이 어디로 가야 해요?\n아, 여기서 길 건너서 오른쪽으로 쭉 가시면 돼요.\n오른쪽이요? 혹시 많이 먼가요?\n아니요. 한 5분 정도만 걸어가시면 바로 보여요.\n다행이다. 감사합니다!\n네, 조심히 가세요."
24,일반 대화,"새로 산 노트북 어때? 좋아 보여.\n응. 가볍고 빨라서 너무 좋아. 진작 바꿀 걸 그랬어.\n어떤 브랜드 샀어? 나도 지금 바꾸려고 하는데.\n나 이번에 맥북으로 바꿨어. M3 칩 나온 걸로.\n와, 부럽다. 나도 맥북 쓰고 싶은데 비싸서 고민 중이야.\n학생 할인받으면 좀 싸게 살 수 있어. 한번 알아봐."
25,일반 대화,"감기 기운이 있는 것 같아요.\n어쩐지 아까부터 콧물을 훌쩍거리더라. 병원 가봤어?\n아니, 아직. 그냥 약국에서 종합 감기약 사 먹었어.\n요즘 감기 독하대. 심해지기 전에 병원 가보는 게 어때?\n그래야겠어. 내일 점심시간에 잠깐 다녀와야겠다.\n응. 따뜻한 물도 많이 마시고."
26,일반 대화,"오늘 부장님 기분 안 좋아 보이시던데.\n맞아. 아침 회의 때부터 표정이 안 좋으시더라고.\n무슨 일 있으신가? 우리 때문은 아니겠지?\n글쎄... 우리 어제 보고서 마감 잘 지켰잖아.\n일단 오늘은 눈에 띄지 않게 조용히 있자.\n그게 상책이겠다."
27,일반 대화,"커피 한 잔 하실래요? 제가 살게요.\n좋죠. 안 그래도 잠이 좀 와서 커피 생각났는데.\n뭐 드실래요? 아메리카노? 라떼?\n전 아이스 아메리카노요. 샷 추가해서요.\n알겠습니다. 저는 달달한 바닐라 라떼 마셔야겠어요.\n다녀올게요. 잠시만 기다리세요."
28,일반 대화,"퇴근하고 뭐 해?\n나 오늘 약속 있어. 친구 만나서 저녁 먹기로 했어.\n그래? 나는 오늘 칼퇴하고 바로 집 가려고.\n집에 가서 뭐 하게?\n밀린 드라마 보면서 쉬어야지. 너무 피곤해.\n그것도 좋겠다. 그럼 내일 봐!"
29,일반 대화,"이거 어떻게 하는 건지 좀 알려줄 수 있어요?\n어떤 거요? 아, 이 프로그램 말씀이세요?\n네. 어제부터 계속 만져보고 있는데 너무 어렵네요.\n이건 이쪽 버튼을 누르고 데이터를 불러와야 해요.\n아, 이렇게 하는 거구나! 감사합니다.\n모르는 거 있으면 또 물어보세요."
30,일반 대화,"머리 스타일 바꾸셨네요? 잘 어울려요.\n아, 알아보셨네요? 감사합니다. 기분 전환 겸 잘랐어요.\n훨씬 가벼워 보이고 산뜻해 보여요.\n정말요? 다행이다. 안 어울릴까 봐 걱정했거든요.\n아니에요. 너무 예뻐요. 저도 자르고 싶어지네요.\n하하. 이따가 미용실 정보 드릴게요."
31,일반 대화,"오늘 점심 뭐였어요?\n구내식당에서 돈가스 나왔어요. 맛있던데요?\n아, 진짜요? 전 오늘 도시락 싸 와서... 돈가스 먹고 싶네요.\n내일은 맛있는 거 드세요. 내일 메뉴 뭐지?\n아까 보니까 \n제육볶음이던데요?\n오! 그럼 내일은 무조건 구내식당 가야겠네요."
32,일반 대화,"이 서류 혹시 언제까지 드리면 될까요?\n아, 그거 오늘 3시까지 부탁드려도 될까요?\n네. 그럼 검토하고 바로 전달드리겠습니다.\n감사합니다. 혹시 어려운 부분 있으면 편하게 물어보세요.\n알겠습니다. 이따 뵙겠습니다.\n네, 수고하세요."
33,일반 대화,"요즘 주식 시장이 너무 안 좋은 것 같아.\n맞아. 내 주식도 지금 다 파란불이야.\n언제쯤 오르려나... 그냥 지금이라도 다 팔아야 하나.\n조금만 더 기다려봐. 금방 회복될 수도 있잖아.\n그런가... 다들 힘들다고 하니까 나만 그런 건 아닌가 싶네.\n우리 맛있는 거나 먹으러 가자. 기분 전환하게."
34,일반 대화,"어? 지금 퇴근하시는 거예요?\n네. 오늘 일이 좀 일찍 끝나서요. 먼저 들어가 보겠습니다.\n부럽네요. 전 아직 한참 남았는데.\n힘내세요. 내일 봬요.\n네, 조심히 들어가세요!\n네. 수고하세요."
35,일반 대화,"택배 왔네요! 뭐 시키셨어요?\n아, 인터넷으로 주문한 옷이요. 드디어 왔네요.\n어디 한번 볼까요? 와, 색깔 예쁘다.\n그쵸? 화면에서 본 것보다 더 예쁜 것 같아요.\n한번 입어보세요. 잘 어울릴 것 같아요.\n네. 이따 점심시간에 한번 입어봐야겠어요."
36,일반 대화,"오늘 따라 유난히 피곤하네.\n어제 잠 못 잤어? 눈이 퀭한데.\n응. 늦게까지 유튜브 보다가 새벽에 잤어.\n어휴. 그러니까 피곤하지. 오늘 일찍 자.\n알았어. 점심 먹고 잠깐이라도 눈 좀 붙여야겠다.\n그래. 밥 먹고 깨워줄게."
37,일반 대화,"이 노래 너무 좋다. 누구 노래야?\n이거 아이유 신곡이잖아. 너 아직 안 들어봤어?\n아, 진짜? 요즘 노래를 통 안 들었더니.\n한번 들어봐. 앨범 전곡이 다 좋아.\n그래야겠다. 제목이 뭐라고?\n'Love wins all'이야. 뮤비도 꼭 봐!"
3Music,일반 대화,"오늘 저녁 약속 장소 어디로 정할까?\n음... 강남역 근처가 어떨까? 다들 오기 편할 것 같은데.\n좋아. 그럼 내가 맛집 좀 찾아볼게. 뭐 먹고 싶어?\n나는 파스타나 피자 같은 이탈리안 요리?\n오케이. 그럼 '강남역 맛집'으로 검색해 본다.\n찾으면 단톡방에 공유해 줘!"
39,일반 대화,"다시 태어나면 뭐 하고 싶어?\n음... 나는 건물주 하고 싶어.\n하하. 너무 현실적인 거 아니야?\n그럼 너는? 넌 뭐 하고 싶은데?\n나는 세계 여행하면서 자유롭게 살고 싶어.\n그것도 좋겠다. 일단 이번 생부터 열심히 살자."
40,일반 대화,"오늘따라 커피가 왜 이렇게 쓰지.\n그래? 나는 맛있는데. 너무 피곤해서 그런 거 아니야?\n그런가 봐. 샷을 너무 많이 넣었나.\n시럽 좀 넣어줄까? 여기 있는데.\n아니야, 괜찮아. 그냥 마실래. 잠 깨고 좋지 뭐.\n그래. 그럼 조금만 마시고 쉬었다 해."
41,일반 대화,"휴대폰 배터리가 벌써 20%밖에 안 남았네.\n보조배터리 안 가져왔어? 내 거 빌려줄까?\n아, 진짜? 그럼 너무 고맙지! 케이블은 있어?\n응. C타입, 8핀 다 있어. 어떤 거 쓰는데?\n나 아이폰이라 8핀 써야 해.\n알았어. 잠깐만 기다려. 가방에서 꺼내줄게."
42,일반 대화,"주말에 소개팅했는데 잘 안됐어.\n왜? 무슨 일 있었어?\n그냥... 나랑은 좀 안 맞는 사람 같더라고.\n어떤 점이?\n말도 잘 안 통하고, 공감대도 없고... 밥만 먹고 헤어졌어.\n아쉽네. 더 좋은 사람 만날 수 있을 거야. 힘내!\n그래, 고맙다."
43,일반 대화,"이거 1+1 행사 상품인데 하나 드릴까요?\n어, 정말요? 뭔데요?\n비타민 음료요. 아침에 피곤해 보이셔서요.\n감사합니다! 잘 마실게요. \n00씨도 하나 드세요.\n저는 괜찮아요. 맛있게 드세요.\n덕분에 힘이 나네요. 고마워요."
44,일반 대화,"오늘 회식 장소 어디로 정해졌어요?\n어제 공지한 거 못 봤어요? 1층 로비에 있는 삼겹살집이요.\n아, 진짜요? 전 오늘따라 파스타가 먹고 싶었는데.\n어쩔 수 없죠. 부장님이 삼겹살 먹고 싶다고 하셔서.\n하긴... 그래도 고기 먹으면 기분은 풀리겠죠?\n그럼요. 이따가 맛있게 먹어요, 우리."
45,일반 대화,"이번 달 월급은 언제 들어온대?\n원래 25일인데, 이번 달은 주말이 껴서 23일에 들어온다던데.\n헐, 진짜? 그럼 내일모레 들어오는 거네?\n응. 그래서 다들 오늘 기분이 좋아 보이나 봐.\n대박. 뭐 살지 미리 장바구니에 담아놔야겠다.\n나는 적금부터 넣어야지..."
46,일반 대화,"저기요, 혹시 지금 몇 시인지 알 수 있을까요?\n네, 지금 3시 15분이요.\n아, 감사합니다. 제가 핸드폰을 두고 와서요.\n아, 그러셨구나. 혹시 급한 연락 오실 데 있으세요?\n아니요. 그건 아닌데... 그냥 시간이 궁금해서요.\n네. 알겠습니다."
47,일반 대화,"내일 연차 쓰신 거예요? 부럽다.\n네. 병원 가야 할 일이 있어서요.\n아, 어디 안 좋으세요?\n그건 아니고, 정기 검진받으러 가는 거예요.\n다행이네요. 그럼 푹 쉬고 오세요.\n네. 감사합니다. 내일 봬요."
48,일반 대화,"복권 1등 되면 뭐 할 거야?\n나는 일단 회사부터 그만둘 거야.\n하하. 다들 똑같은 생각 하는구나.\n그리고 가족들이랑 세계 여행 다닐 거야. 너는?\n나는 서울에 아파트 한 채 사고, 차도 바꾸고.\n와, 생각만 해도 행복하다. 오늘 로또나 사러 가야겠다."
49,일반 대화,"오늘 저녁에 비 온다고 하던데, 우산 챙겼어?\n아니! 전혀 몰랐네. 너는?\n나는 아침에 일기예보 보고 작은 거 하나 챙겼지.\n다행이다. 이따 퇴근할 때 같이 쓰자.\n그래. 대신 저녁은 네가 사는 거다?\n콜! 밥 먹고 가자."
50,일반 대화,"이거 어떻게 뜯는 거예요? 안 뜯어지네요.\n어디 줘보세요. 이거 이쪽을 잡고 돌리면 돼요.\n아, 이렇게요? 와, 정말 쉽게 열리네요.\n네. 이게 요령이 좀 필요하더라고요.\n감사합니다. 덕분에 살았네요.\n별말씀을요. 맛있게 드세요."
5D,일반 대화,"오늘따라 인터넷이 왜 이렇게 느리지?\n그러게요. 저도 아까부터 계속 로딩 중이에요.\n서버에 문제 있나? 다들 그런 것 같은데.\n총무팀에 한번 물어볼까요?\n네, 그래 주세요. 지금 급하게 처리할 게 있어서요.\n알겠습니다. 제가 바로 전화해 볼게요."
52,일반 대화,"어제 '나 혼자 산다' 봤어?\n응! 기안84 마라톤 하는 거 보고 감동받았잖아.\n나도. 진짜 대단한 것 같아. 포기하지 않는 모습이.\n맞아. 보면서 나도 뭐든 열심히 해야겠다는 생각 들더라.\n그러게 말이야. 오늘부터라도 운동 시작해야겠어.\n작심삼일 안 되게 꾸준히 해봐!"
53,일반 대화,"이메일 보냈는데 혹시 확인하셨어요?\n아, 지금 막 확인하려고 했어요. 잠시만요.\n네. 첨부파일 확인하시고 회신 부탁드립니다.\n네. 확인했습니다. 내용 검토하고 30분 내로 회신 드릴게요.\n감사합니다. 그럼 기다리고 있겠습니다.\n네. 수고하세요."
54,일반 대화,"어제 새로 산 셔츠인데 어때? 괜찮아?\n오, 예쁜데? 색깔이 너랑 잘 어울린다.\n정말? 다행이다. 인터넷으로 사서 걱정했는데.\n어디서 샀어? 나도 이런 스타일 좋아하는데.\n'무신사'에서 샀어. 이따 링크 보내줄게.\n고마워! 나도 한번 봐야겠다."
55,일반 대화,"요즘 무슨 책 읽으세요?\n'돈의 속성'이라는 책 읽고 있어요.\n아, 그 책 유명하던데. 어때요?\n생각보다 재밌고 배울 점이 많더라고요. 돈에 대해 다시 생각해보게 됐어요.\n그래요? 저도 한번 읽어봐야겠네요. 도서관에 있으려나?\n아마 있을 거예요. 베스트셀러였으니까요."
56,일반 대화,"오늘 점심은 샌드위치로 간단하게 때울까?\n나는 좋은데, 너 배 안 고프겠어?\n괜찮아. 아침을 늦게 먹어서 별로 생각 없어.\n그럼 근처 서브웨이 갈까? 오랜만에 먹고 싶네.\n좋아! 나는 에그마요 먹어야지.\n나는 이탈리안 비엠티! 빨리 가자."
57,일반 대화,"회의실 예약하려고 하는데, 어떻게 하는 거예요?\n아, 그거 인트라넷 들어가서 하시면 돼요.\n인트라넷 어디요? 제가 잘 못 찾겠어서...\n제가 화면 보여드릴게요. 이쪽으로 오시겠어요?\n아, 여기 있었네요! 감사합니다.\n네. 시간 확인하시고 예약하시면 됩니다."
58,일반 대화,"오늘 입으신 옷 너무 예뻐요.\n감사합니다. 어제 쇼핑몰에서 샀어요.\n봄이랑 너무 잘 어울리는 색깔이에요. 화사해 보여요.\n그런가요? 하하. 기분 좋네요.\n저도 그런 옷 하나 사고 싶네요. 혹시 어디서 샀는지 알려주실 수 있어요?\n그럼요. 이따 점심시간에 알려드릴게요."
59,일반 대화,"벌써 5시네. 오늘 시간 진짜 안 간다.\n맞아. 월요일이라 그런가? 유난히 피곤하네.\n퇴근 시간까지 1시간 남았다. 조금만 더 힘내자.\n그러게. 퇴근하고 뭐 할 거야?\n집에 가서 치킨 시켜 먹을 거야. 너는?\n나는 운동 가야지. 어제 너무 많이 먹었어."
60,일반 대화,"혹시 근처에 ATM 기계 어디 있는지 아세요?\n저기 편의점 안에 하나 있어요.\n아, 그래요? 감사합니다! 급하게 돈 뽑을 일이 생겨서요.\n그럼 빨리 다녀오세요.\n네! 금방 다녀오겠습니다.\n천천히 오세요."
61,일반 대화,"요즘 살이 너무 찐 것 같아.\n그래? 별로 티 안 나는데?\n아니야. 바지가 안 맞아. 오늘부터 다이어트해야겠어.\n정말? 그럼 저녁 굶는 거야?\n저녁은 먹어야지. 샐러드 먹으려고.\n대단하다. 나는 못할 것 같은데. 파이팅!"
62,일반 대화,"이번 주 금요일에 시간 어때?\n금요일? 왜? 무슨 일 있어?\n오랜만에 동기들 모여서 술 한잔하기로 했는데.\n아, 진짜? 누구누구 오는데?\n나랑 너랑, 철수랑 영희. 다 모이기로 했어.\n좋다! 나도 갈래. 몇 시에 어디서 봐?"
63,일반 대화,"컴퓨터가 또 멈췄네. 왜 이러지?\n어제부터 계속 그러는 것 같은데. 바이러스 먹은 거 아니야?\n그런가? 백신 프로그램 한번 돌려봐야겠다.\n그래도 안 되면 IT팀에 문의해 봐. 컴퓨터 바꿔줄지도 모르잖아.\n제발 그랬으면 좋겠다. 이거 너무 느려서 못쓰겠어.\n일단 백신부터 돌려봐."
64,일반 대화,"다음 주 월요일에 휴가 내도 될까요?\n월요일이요? 특별한 일 있으세요?\n네. 부모님 모시고 병원 가야 해서요.\n아, 그러세요? 알겠습니다. 그럼 휴가 결재 올리세요.\n감사합니다, 팀장님!\n네. 일은 미리미리 인수인계해 주시고요."
66,일반 대화,"오늘 버스에 사람이 너무 많아서 힘들었어.\n나도. 콩나물시루인 줄 알았잖아.\n특히 어떤 아저씨가 계속 밀어서 짜증 났어.\n어휴, 고생했네. 이래서 자가용이 있어야 하나 봐.\n그러게 말이야. 돈 열심히 벌어서 차부터 사야겠어.\n나도... 우리 파이팅 하자."
67,일반 대화,"이 근처에 주차할 만한 곳 있을까요?\n글쎄요... 이쪽이 다 유료 주차장이라.\n공영 주차장은 없나요?\n저기 두 블록 더 가면 하나 있긴 한데, 자리가 있을지 모르겠네요.\n아, 그렇구나... 일단 가봐야겠네요. 감사합니다.\n네. 자리 있었으면 좋겠네요."
6Red,일반 대화,"오늘 날씨가 꾸리꾸리하네.\n그러게. 비가 오려나?\n이런 날은 파전에 막걸리인데.\n크... 생각만 해도 좋다. 오늘 저녁 콜?\n좋지! 퇴근하고 바로 전집으로 가자.\n오케이. 내가 맛있는 데 알아놨어."
69,일반 대화,"프린터가 또 고장 났나 봐요. 용지가 계속 걸려요.\n어디 봐봐요. 아, 용지를 너무 많이 넣어서 그런 것 같은데.\n그런가요? 그럼 좀 빼고 다시 해볼까요?\n네. 그리고 여기 롤러 부분도 한번 닦아주세요.\n알겠습니다. 어휴, 기계는 너무 어려워요.\n저도 잘 몰라요. 하다 보니 늘더라고요."
7G,일반 대화,"오늘 점심은 내가 살게. 뭐 먹고 싶어?\n헐, 진짜? 웬일이야. 무슨 좋은 일 있어?\n어제 보너스 들어왔거든. \n하하.\n대박! 축하해! 그럼 나 비싼 거 먹어도 돼?\n당연하지. 저기 새로 생긴 레스토랑 가볼까?\n좋아! 얼른 가자. 배고파."
71,일반 대화,"요즘 너무 피곤해서 영양제 좀 먹어볼까 해.\n오, 좋은 생각이야. 나는 비타민C랑 오메가3 챙겨 먹고 있어.\n그래? 먹으니까 좀 효과가 있어?\n응. 확실히 아침에 일어나는 게 덜 피곤하더라고.\n나도 그거로 사볼까? 어디 거 먹어?\n나는 'OOO' 제품 먹는데 괜찮은 것 같아."
72,일반 대화,"김 대리, 오늘 좀 안색이 안 좋아 보이네.\n네. 어젯밤에 잠을 좀 설쳤더니... \n무슨 일 있어? 걱정거리라도?\n아니요. 그런 건 아닌데... 그냥 생각이 많아서요.\n그래? 힘들면 언제든 얘기해. 맛있는 거 사줄게.\n감사합니다, 과장님. 말씀만으로도 힘이 되네요."
73,일반 대화,"오늘 우리 동네에 플리마켓 열린대.\n아, 진짜? 뭐 파는데?\n수제 액세서리랑 옷, 먹거리 같은 거 판다던데.\n재밌겠다! 우리 이따 점심 먹고 구경 갈래?\n좋아! 가서 예쁜 거 있으면 하나 사야겠다.\n나도. 지갑 챙겨서 나가자."
74,일반 대화,"요즘 볼만한 영화 뭐 없을까?\n글쎄... 요즘엔 딱히 끌리는 게 없네.\n나도. 영화관 안 간 지 꽤 된 것 같아.\n집에서 넷플릭스나 보는 게 최고지.\n맞아. 팝콘 튀겨서 '더 글로리'나 다시 볼까?\n그거 좋은 생각이네. 지금 바로 보자."
75,일반 대화,"이번 주말에 친구 결혼식 가야 해.\n와, 벌써 결혼하는 친구가 있어?\n응. 대학 동기인데, 제일 먼저 가네.\n기분이 어때? 부러워?\n부럽기도 하고... 그냥 좀 싱숭생숭하네.\n너도 좋은 사람 만나서 곧 하겠지."
76,일반 대화,"오늘따라 유난히 조용하네요.\n그러게요. 다들 휴가 갔나 봐요.\n부럽다. 우리도 휴가 가고 싶다.\n조금만 참아요. 우리도 다음 주면 휴가잖아요.\n아, 맞다! 생각만 해도 신난다. 어디 가기로 했지?\n우리 부산 가기로 했잖아! 가서 회 실컷 먹자."
77,일반 대화,"이거 서류 복사 좀 부탁드려요.\n네. 몇 부 해드리면 될까요?\n10부 정도 해주시겠어요? 양면으로요.\n알겠습니다. 혹시 스탬플러도 찍어드릴까요?\n네. 그렇게 해주시면 감사합니다.\n알겠습니다. 금방 해드릴게요."
78,일반 대화,"어제 소개팅한 분이랑 잘 됐어요?\n아니요... 그냥 좋은 분이셨어요.\n에이, 또 그 소리. 뭐가 문제였는데요?\n그냥... 제 스타일이 아니었어요. 연락처도 교환 안 했어요.\n까다롭기는. 그러다 평생 혼자 살겠다.\n아니거든! 인연이 있겠지."
79,일반 대화,"오늘 날씨 왜 이래? 너무 덥다.\n그러게. 벌써 여름인가 봐. 땀나.\n에어컨 아직 안 틀어주나?\n아직 5월이라 안 틀어줄걸. 선풍기라도 틀자.\n알았어. 내 거 이쪽으로 좀 돌려줄래?\n그래. 시원하지? 아이스크림 내기나 할까?"
80,일반 대화,"요즘 무슨 노래 즐겨 들어?\n나? 나는 뉴진스 노래.\n아, 역시. '하입보이' 아직도 듣는구나.\n당연하지! 들어도 들어도 안 질린다니까.\n너는? 너는 무슨 노래 듣는데?\n나는 요즘 팝송에 빠졌어. 테일러 스위프트."
8S,일반 대화,"저기요, 혹시 이 버스 강남역 가나요?\n아니요. 이 버스는 반대로 가는 거예요.\n네? 아, 어쩐지... 감사합니다.\n길 건너가서 140번 타셔야 해요.\n아, 정말 감사합니다! 큰일 날 뻔했네요.\n아니에요. 조심히 가세요."
82,일반 대화,"오늘 저녁에 삼겹살 먹으러 갈래?\n삼겹살 좋지! 근데 나 오늘 지갑을 안 가져왔어.\n괜찮아. 내가 사줄게. 월급 탔거든.\n헐, 진짜? 대박! 사랑한다, 친구야!\n대신 네가 고기 구워. 알았지?\n당연하지! 내가 맛있게 구워줄게. 가자!"
83,일반 대화,"요즘 입맛이 없어서 큰일이야.\n왜? 어디 아파?\n그건 아닌데... 그냥 밥 생각이 별로 없네.\n그럴수록 더 잘 챙겨 먹어야 해. 뭐 맛있는 거라도 먹으러 갈까?\n글쎄... 뭐가 맛있을까.\n매콤한 닭발 어때? 입맛 확 돌아올 텐데."
84,일반 대화,"이사할 집은 구했어?\n응. 어제 겨우 계약하고 왔어.\n잘됐다! 어디로 이사 가?\n회사 근처 오피스텔로. 이제 걸어서 출퇴근할 수 있어!\n와, 진짜 좋겠다. 나는 출퇴근만 2시간인데.\n너도 이쪽으로 이사 와. 같이 다니게."
85,일반 대화,"오늘 우리 팀 회식인 거 알지?\n네. 근데 저 오늘 몸이 좀 안 좋아서... 빠져도 될까요?\n어디 아파? 병원 가봤어?\n그건 아닌데... 그냥 감기 기운이 좀 있어서요.\n그래? 알았어. 그럼 무리하지 말고 일찍 들어가.\n감사합니다, 팀장님. 내일은 꼭 참석하겠습니다."
86,일반 대화,"요즘 주말마다 등산 다니는 거 재밌어.\n와, 대단하다. 안 힘들어?\n처음엔 힘들었는데, 정상 올라가면 기분이 너무 좋더라고.\n나도 한번 가보고 싶긴 한데... 자신이 없네.\n이번 주말에 같이 갈래? 초보자 코스로 천천히 가면 돼.\n그래? 그럼 한번 도전해 볼까?"
87,일반 대화,"이거 원두 새로 산 건데 한번 마셔볼래?\n오, 향 좋다. 무슨 원두야?\n에티오피아 예가체프. 산미 있는 거 좋아한다고 했잖아.\n맞아! 나 산미 있는 거 완전 좋아해. 잘 마실게.\n어때? 맛있어?\n응. 향도 좋고 맛도 깔끔하네. 완전 내 스타일이야."
88,일반 대화,"오늘 점심시간에 은행 좀 다녀와도 될까요?\n네, 다녀오세요. 무슨 일인데요?\n카드 재발급받아야 하는데, 본인 확인이 필요하다고 해서요.\n아, 그렇구나. 그럼 볼일 보고 천천히 와요.\n감사합니다. 최대한 빨리 다녀올게요!\n네. 알겠습니다."
89,일반 대화,"요즘 유튜브로 뭐 봐?\n나? 나는 '피식대학' 봐. 너무 웃겨.\n아, 나도 그거 봤는데! 'B대면 데이트' 진짜 레전드지.\n맞아. 김갑생 할머니김... 하하. 생각만 해도 웃기네.\n너는 뭐 보는데?\n나는 요리 채널 봐. '백종원의 요리비책'?"
9S,일반 대화,"오늘따라 커피가 유난히 맛있네요.\n그러게요. 원두가 좋은 건가? 아니면 00씨가 타서 그런가?\n에이, 제가 탔다고요? \n하하. 기분 좋네요.\n진짜예요. 오늘 커피 향이 유난히 좋아요.\n감사합니다. 다음에도 제가 타드릴게요.\n좋죠. 기대하고 있겠습니다."
91,일반 대화,"벌써 11월이네. 시간 진짜 빠르다.\n그러게. 올해도 이제 두 달밖에 안 남았어.\n연초에 세웠던 계획은 다 지켰어?\n아니... 다이어트 또 실패했어. 너는?\n나도... 금연한다고 했는데. 하하.\n우리 내년부터는 진짜 열심히 해보자!"
92,일반 대화,"혹시 볼펜 좀 빌릴 수 있을까요?\n네. 여기요. 파란색, 검은색 둘 다 있는데 어떤 거 드릴까요?\n검은색으로 부탁드려요. 감사합니다.\n천만에요. 다 쓰시고 책상 위에 두세요.\n네. 금방 쓰고 돌려드릴게요.\n괜찮아요. 천천히 쓰세요."
93,일반 대화,"오늘 저녁에 뭐 입고 가지?\n무슨 약속 있어? 데이트?\n아니. 그냥 친구 만나는 건데... 날씨가 애매해서.\n저녁엔 쌀쌀하니까 겉옷 하나 챙겨가.\n그럴까? 뭘 입어야 할지 모르겠네.\n그냥 편하게 입어. 청바지에 맨투맨 어때?"
94,일반 대화,"강아지 키우고 싶은데, 부모님이 반대하셔.\n왜? 털 날린다고?\n응. 그리고 끝까지 책임 못 질 것 같다고.\n하긴... 강아지 키우S는 게 쉬운 일은 아니지.\n나도 아는데... 그래도 너무 키우고 싶어.\n일단 주말마다 유기견 봉사활동이라도 가보는 건 어때?"
95,일반 대화,"오늘따라 일이 손에 안 잡히네.\n왜? 무슨 일 있어?\n아니... 그냥 좀 지치네. 번아웃인가 봐.\n어떡해... 이럴 땐 좀 쉬어야 하는데.\n그러게 말이야. 주말에 아무것도 안 하고 잠만 자야겠어.\n그래. 푹 쉬고 와. 맛있는 거 먹고."
96,일반 대화,"이거 향수 냄새 너무 좋지 않아?\n응. 무슨 향이야? 되게 시원하고 상쾌하다.\n이번에 새로 산 건데, '조 말론' 거야.\n아, 역시. 비싼 건 다르구나. 나도 한번 뿌려봐도 돼?\n그럼. 손목에 살짝 뿌려봐.\n와, 향 너무 좋다. 나도 이거 사야겠다."
97,일반 대화,"오늘 점심은 뭐 먹지?\n어제 술 마셨으니까 해장해야 하는데...\n그럼 뼈해장국 어때? 근처에 맛집 있는데.\n오, 좋아! 거기 어디야?\n여기서 걸어서 10분 정도 걸려. 가자.\n그래. 얼른 가자. 속 쓰려 죽겠다."
98,일반 대화,"오늘 아침에 지각할 뻔했어.\n왜? 늦잠 잤어?\n아니. 버스가 눈앞에서 그냥 지나가 버렸어.\n헐, 진짜? 완전 짜증 났겠다.\n응. 다음 버스 20분이나 기다렸잖아. \n\n어휴, 고생했네. 다음부턴 그냥 택시 타."
99,일반 대화,"주말에 뭐 할 거야?\n나 이번에 새로 산 자전거 타고 한강 가려고.\n와, 좋다! 날씨도 좋을 것 같은데.\n너도 같이 갈래? 자전거 빌려주는데 있어.\n그래? 그럼 나도 갈까? 오랜만에 치맥이나 하자.\n콜! 내가 돗자리 챙겨갈게."